product_id,product_name,product_description,product_version,category_id,warranty_period
9,Voltsillam,Sharable didactic capacity,510,1,+10-00
56,Opela,Versatile upward-trending application,154,1,+10-00
77,Rank,Multi-lateral scalable open architecture,86,1,+10-00
124,Transcof,Balanced background artificial intelligence,541,1,+10-00
134,Cardguard,Organized didactic help-desk,18,1,+10-00
135,Mat Lam Tam,Public-key disintermediate product,93,1,+10-00
142,Lotstring,Organic foreground product,735,1,+10-00
154,Cookley,Horizontal zero defect archive,467,1,+10-00
170,Flowdesk,Diverse neutral concept,823,1,+10-00
171,Alphazap,Integrated reciprocal approach,62,1,+10-00
187,Konklab,Integrated human-resource emulation,248,1,+10-00
198,Andalax,Pre-emptive multimedia hub,562,1,+10-00
201,Fixflex,Grass-roots background hub,89,1,+10-00
207,Prodder,Secured scalable archive,17,1,+10-00
231,Quo Lux,Managed methodical definition,31,1,+10-00
234,Bitwolf,Optional multi-state definition,46,1,+10-00
235,Sonsing,Open-source local service-desk,14,1,+10-00
269,Redhold,Inverse heuristic structure,98,1,+10-00
339,Konklab,Realigned 5th generation complexity,89,1,+10-00
343,Subin,Multi-lateral client-driven hardware,92,1,+10-00
346,Zaam-Dox,Balanced static product,889,1,+10-00
370,Y-find,Adaptive 4th generation interface,919,1,+10-00
380,Voyatouch,Quality-focused reciprocal task-force,94,1,+10-00
387,Flowdesk,Switchable heuristic conglomeration,15,1,+10-00
390,Redhold,Upgradable full-range process improvement,20,1,+10-00
429,Gembucket,Exclusive dedicated superstructure,76,1,+10-00
441,Zamit,Seamless didactic productivity,49,1,+10-00
448,Aerified,Operative object-oriented implementation,66,1,+10-00
483,Cardguard,Digitized cohesive hub,70,1,+10-00
493,Zontrax,Business-focused motivating adapter,74,1,+10-00
498,Cardify,Expanded coherent strategy,12,1,+10-00
505,Flowdesk,Programmable tangible solution,434,1,+10-00
529,Bigtax,Mandatory well-modulated benchmark,77,1,+10-00
531,Overhold,Configurable optimal system engine,39,1,+10-00
570,Duobam,Optimized logistical local area network,96,1,+10-00
571,Cardify,Reverse-engineered eco-centric knowledge user,84,1,+10-00
621,Regrant,Open-source dedicated orchestration,15,1,+10-00
662,Subin,Focused composite approach,285,1,+10-00
684,Voltsillam,Multi-tiered leading edge capacity,16,1,+10-00
685,Y-Solowarm,Assimilated next generation standardization,53,1,+10-00
695,Matsoft,Secured stable middleware,838,1,+10-00
704,Viva,Stand-alone context-sensitive middleware,673,1,+10-00
713,Zoolab,Team-oriented global middleware,711,1,+10-00
724,Flowdesk,Upgradable 24/7 application,97,1,+10-00
726,Y-find,Switchable regional functionalities,379,1,+10-00
734,Span,Multi-lateral client-server neural-net,36,1,+10-00
746,Voltsillam,Cross-platform hybrid application,94,1,+10-00
754,Voltsillam,Reduced global implementation,92,1,+10-00
827,Zaam-Dox,Cross-platform needs-based Graphic Interface,735,1,+10-00
832,Voyatouch,Managed transitional utilisation,889,1,+10-00
846,Stringtough,Enterprise-wide regional support,57,1,+10-00
892,Rank,Intuitive homogeneous matrix,631,1,+10-00
904,Holdlamis,Diverse content-based data-warehouse,549,1,+10-00
913,Daltfresh,Object-based responsive firmware,29,1,+10-00
925,Lotstring,Exclusive composite policy,59,1,+10-00
954,Quo Lux,Centralized discrete open architecture,262,1,+10-00
6,Namfix,Enhanced high-level circuit,553,2,+00-01
24,Tresom,Organic bottom-line array,82,2,+00-01
36,Span,Reduced methodical database,447,2,+00-01
75,Tin,Devolved analyzing approach,230,2,+00-01
78,It,Distributed multi-tasking middleware,44,2,+00-01
108,Ventosanzap,Stand-alone actuating solution,60,2,+00-01
126,Stringtough,Universal multi-tasking customer loyalty,573,2,+00-01
137,Stronghold,Face to face client-server conglomeration,38,2,+00-01
138,Gembucket,Secured encompassing open system,32,2,+00-01
202,Fix San,Assimilated stable firmware,56,2,+00-01
221,Gembucket,Future-proofed attitude-oriented software,211,2,+00-01
240,Stim,Monitored national utilisation,668,2,+00-01
244,Tres-Zap,Multi-lateral dedicated budgetary management,627,2,+00-01
258,Biodex,Digitized uniform methodology,203,2,+00-01
289,Ronstring,Expanded client-driven benchmark,25,2,+00-01
296,Sonsing,Vision-oriented maximized benchmark,17,2,+00-01
299,Hatity,Reactive multi-state parallelism,25,2,+00-01
312,Viva,Diverse global functionalities,55,2,+00-01
319,Tampflex,Proactive multimedia internet solution,240,2,+00-01
350,Kanlam,Cloned content-based groupware,91,2,+00-01
353,Veribet,Mandatory dedicated service-desk,845,2,+00-01
359,Andalax,Fundamental mission-critical encryption,184,2,+00-01
362,Fintone,Persevering 5th generation open architecture,76,2,+00-01
363,Veribet,Horizontal asymmetric flexibility,149,2,+00-01
371,Otcom,Re-engineered uniform application,15,2,+00-01
381,Keylex,User-friendly maximized definition,582,2,+00-01
446,Alpha,Centralized executive parallelism,87,2,+00-01
471,Domainer,Devolved composite instruction set,34,2,+00-01
476,Holdlamis,Realigned homogeneous frame,69,2,+00-01
497,Aerified,Multi-layered hybrid implementation,56,2,+00-01
510,Voltsillam,Customizable tangible website,53,2,+00-01
526,Domainer,Grass-roots uniform migration,43,2,+00-01
530,Stringtough,Reactive motivating forecast,205,2,+00-01
547,Aerified,Programmable homogeneous matrices,67,2,+00-01
551,Viva,Upgradable solution-oriented approach,75,2,+00-01
566,Zamit,Centralized multi-state conglomeration,54,2,+00-01
574,Namfix,Balanced clear-thinking function,61,2,+00-01
583,Vagram,Organic reciprocal complexity,474,2,+00-01
606,Stringtough,Phased secondary focus group,315,2,+00-01
620,Zaam-Dox,Business-focused content-based moratorium,452,2,+00-01
625,Gembucket,Multi-lateral intermediate instruction set,98,2,+00-01
657,Sonair,Up-sized hybrid Graphic Interface,80,2,+00-01
663,Viva,Synchronised 6th generation capacity,57,2,+00-01
723,Subin,Implemented encompassing Graphic Interface,16,2,+00-01
766,Ronstring,Mandatory non-volatile initiative,546,2,+00-01
794,Kanlam,Open-architected non-volatile secured line,46,2,+00-01
821,Fixflex,Universal bottom-line budgetary management,70,2,+00-01
831,Overhold,Progressive didactic encryption,62,2,+00-01
847,Konklab,Triple-buffered empowering implementation,770,2,+00-01
867,Alphazap,Optional scalable analyzer,66,2,+00-01
879,Redhold,Grass-roots disintermediate encoding,284,2,+00-01
880,Holdlamis,Integrated encompassing access,33,2,+00-01
910,Flowdesk,Universal homogeneous knowledge user,746,2,+00-01
927,Lotstring,Operative optimizing core,86,2,+00-01
933,Tampflex,Cross-platform 24 hour open architecture,734,2,+00-01
940,Andalax,Grass-roots contextually-based standardization,25,2,+00-01
961,Stringtough,Profound context-sensitive synergy,92,2,+00-01
27,Quo Lux,Adaptive background intranet,64,3,+02-00
45,Andalax,Customer-focused empowering Graphic Interface,44,3,+02-00
68,Vagram,Upgradable multi-state collaboration,35,3,+02-00
82,Fixflex,Future-proofed stable hierarchy,847,3,+02-00
88,Gembucket,Adaptive optimizing ability,67,3,+02-00
95,Bamity,Open-architected actuating strategy,726,3,+02-00
99,Zoolab,Multi-tiered heuristic frame,53,3,+02-00
177,Otcom,Secured background initiative,27,3,+02-00
179,Voyatouch,Advanced bandwidth-monitored circuit,144,3,+02-00
180,Konklux,Open-source tangible matrix,397,3,+02-00
186,Zoolab,Visionary systematic encoding,108,3,+02-00
191,Regrant,Optional tertiary middleware,97,3,+02-00
208,Wrapsafe,Streamlined contextually-based local area network,14,3,+02-00
219,Transcof,Quality-focused zero administration adapter,36,3,+02-00
232,Stronghold,Front-line background hardware,42,3,+02-00
265,Trippledex,Optimized intermediate hardware,95,3,+02-00
266,Flowdesk,Profit-focused actuating local area network,57,3,+02-00
355,Span,Open-architected intermediate methodology,269,3,+02-00
373,Home Ing,Phased non-volatile service-desk,86,3,+02-00
384,Namfix,Face to face maximized instruction set,138,3,+02-00
412,Flowdesk,Advanced context-sensitive solution,77,3,+02-00
468,Namfix,Grass-roots value-added functionalities,685,3,+02-00
536,Voyatouch,Multi-tiered systematic capacity,528,3,+02-00
564,Subin,Total radical groupware,61,3,+02-00
593,Bitchip,Monitored leading edge conglomeration,883,3,+02-00
601,Latlux,Decentralized solution-oriented website,88,3,+02-00
636,Tres-Zap,Switchable 4th generation capacity,58,3,+02-00
668,Biodex,Profit-focused multi-state knowledge user,545,3,+02-00
680,Tempsoft,Operative contextually-based encoding,970,3,+02-00
686,Stringtough,Multi-channelled transitional definition,346,3,+02-00
696,Stim,Networked disintermediate ability,20,3,+02-00
725,Y-find,Grass-roots well-modulated success,992,3,+02-00
727,Cardify,Optional demand-driven Graphical User Interface,17,3,+02-00
743,Daltfresh,Focused dynamic circuit,18,3,+02-00
772,Voyatouch,Realigned executive workforce,821,3,+02-00
786,Zamit,Front-line bottom-line challenge,17,3,+02-00
789,Hatity,Cross-platform mobile throughput,464,3,+02-00
792,Matsoft,Multi-layered intermediate groupware,60,3,+02-00
798,Redhold,Pre-emptive scalable system engine,988,3,+02-00
819,Biodex,Phased regional product,63,3,+02-00
840,Matsoft,Advanced zero defect time-frame,55,3,+02-00
856,Veribet,Multi-tiered mobile policy,80,3,+02-00
861,Treeflex,De-engineered logistical extranet,72,3,+02-00
869,Overhold,User-centric national functionalities,51,3,+02-00
902,Daltfresh,Right-sized transitional challenge,485,3,+02-00
923,Bitchip,Programmable 24 hour neural-net,769,3,+02-00
924,Biodex,Persistent grid-enabled Graphical User Interface,683,3,+02-00
941,Andalax,Organized analyzing collaboration,57,3,+02-00
945,Job,Persevering disintermediate internet solution,61,3,+02-00
1000,Latlux,Distributed foreground functionalities,38,3,+02-00
20,Greenlam,Advanced well-modulated firmware,54,4,+00-01
39,Konklab,Multi-layered fault-tolerant project,34,4,+00-01
116,Voyatouch,Exclusive motivating paradigm,38,4,+00-01
145,Aerified,Centralized high-level support,64,4,+00-01
200,Greenlam,Front-line system-worthy moderator,205,4,+00-01
233,Regrant,Synergistic actuating circuit,243,4,+00-01
255,Sonsing,Stand-alone systematic superstructure,57,4,+00-01
256,Prodder,Managed mobile attitude,28,4,+00-01
278,Tres-Zap,Function-based tangible productivity,68,4,+00-01
315,Mat Lam Tam,Team-oriented eco-centric array,912,4,+00-01
318,Fintone,Visionary value-added throughput,88,4,+00-01
330,Bigtax,Multi-layered dynamic frame,735,4,+00-01
341,Sonsing,Front-line static internet solution,50,4,+00-01
379,Biodex,Fully-configurable foreground core,94,4,+00-01
421,Regrant,De-engineered analyzing methodology,630,4,+00-01
453,Fixflex,Innovative demand-driven interface,34,4,+00-01
464,Tempsoft,User-centric motivating methodology,87,4,+00-01
516,Otcom,Right-sized intermediate archive,69,4,+00-01
527,Vagram,Implemented radical throughput,39,4,+00-01
555,Domainer,Reactive directional interface,776,4,+00-01
572,Redhold,User-centric homogeneous collaboration,33,4,+00-01
580,Viva,Optimized optimizing internet solution,100,4,+00-01
592,Bamity,Versatile static workforce,556,4,+00-01
599,Latlux,Enterprise-wide holistic frame,67,4,+00-01
612,Greenlam,Front-line multi-tasking analyzer,946,4,+00-01
669,Tempsoft,Automated coherent conglomeration,37,4,+00-01
682,Stronghold,Profound uniform budgetary management,38,4,+00-01
688,Bitwolf,De-engineered next generation throughput,948,4,+00-01
707,Voltsillam,Programmable non-volatile capability,245,4,+00-01
738,Zaam-Dox,Intuitive needs-based circuit,30,4,+00-01
762,Zamit,Optional bi-directional matrix,82,4,+00-01
769,Prodder,Inverse mobile success,87,4,+00-01
783,Ronstring,Optimized 24/7 software,901,4,+00-01
804,Zathin,Decentralized stable application,76,4,+00-01
811,Voltsillam,User-centric leading edge access,42,4,+00-01
835,Zaam-Dox,Persevering exuding budgetary management,40,4,+00-01
845,Zontrax,Down-sized zero defect installation,895,4,+00-01
901,Regrant,Grass-roots empowering intranet,43,4,+00-01
907,Sonsing,Object-based object-oriented complexity,84,4,+00-01
934,Daltfresh,Multi-layered 24 hour Graphic Interface,19,4,+00-01
950,Rank,Triple-buffered hybrid Graphic Interface,913,4,+00-01
956,Asoka,Persistent mobile archive,183,4,+00-01
975,Temp,Exclusive logistical local area network,349,4,+00-01
977,Treeflex,Future-proofed local firmware,96,4,+00-01
979,Stim,Intuitive dedicated application,884,4,+00-00
4,Gembucket,Future-proofed next generation policy,702,5,+00-00
28,Solarbreeze,De-engineered tertiary database,69,5,+00-00
30,Subin,Polarised context-sensitive conglomeration,96,5,+00-00
58,Domainer,Persistent heuristic solution,84,5,+00-00
74,Hatity,Versatile multi-tasking synergy,43,5,+00-00
90,Alphazap,Exclusive incremental intranet,50,5,+00-00
109,Bamity,Persistent static array,41,5,+00-00
111,Asoka,Adaptive mission-critical neural-net,655,5,+00-00
143,Overhold,Enterprise-wide next generation attitude,82,5,+00-00
204,Bigtax,Public-key foreground help-desk,915,5,+00-00
224,Keylex,Distributed well-modulated software,54,5,+00-00
241,Quo Lux,Innovative empowering portal,404,5,+00-00
334,Asoka,Fully-configurable optimal website,31,5,+00-00
337,Span,Secured transitional capability,43,5,+00-00
354,Transcof,Exclusive dedicated ability,18,5,+00-00
382,Solarbreeze,De-engineered modular attitude,886,5,+00-00
398,Overhold,Intuitive discrete info-mediaries,33,5,+00-00
417,Zamit,Team-oriented multi-state conglomeration,12,5,+00-00
430,Asoka,Team-oriented content-based paradigm,53,5,+00-00
432,Kanlam,Enterprise-wide non-volatile info-mediaries,86,5,+00-00
443,Fix San,Ameliorated solution-oriented infrastructure,259,5,+00-00
466,Wrapsafe,Adaptive mobile task-force,29,5,+00-00
473,Redhold,Organic analyzing utilisation,30,5,+00-00
475,Duobam,Quality-focused bifurcated artificial intelligence,78,5,+00-00
479,Job,Proactive multi-tasking data-warehouse,459,5,+00-00
539,Zoolab,Re-contextualized 4th generation parallelism,578,5,+00-00
544,Konklab,Business-focused secondary alliance,49,5,+00-00
562,Lotstring,Cross-platform multimedia hardware,34,5,+00-00
578,Subin,Open-source full-range intranet,25,5,+00-00
587,Subin,Diverse zero tolerance Graphical User Interface,17,5,+00-00
681,Namfix,Monitored secondary success,73,5,+00-00
689,Flexidy,Sharable context-sensitive benchmark,768,5,+00-00
694,Holdlamis,Right-sized next generation moratorium,306,5,+00-00
697,Tresom,Right-sized tangible initiative,391,5,+00-00
745,Wrapsafe,Multi-channelled modular time-frame,34,5,+00-00
767,Subin,Multi-tiered high-level migration,305,5,+00-00
796,Subin,Focused content-based conglomeration,10,5,+00-00
812,Greenlam,Horizontal multi-tasking frame,89,5,+00-00
815,Y-Solowarm,Integrated asynchronous ability,84,5,+00-00
816,Bigtax,Universal non-volatile initiative,46,5,+00-00
829,Lotstring,Pre-emptive global capability,20,5,+00-00
893,Otcom,Future-proofed fresh-thinking system engine,59,5,+00-00
905,Domainer,Reactive system-worthy array,21,5,+00-00
915,Duobam,Inverse well-modulated migration,89,5,+00-00
918,Tresom,Enterprise-wide scalable application,65,5,+00-00
928,Tresom,Synergistic contextually-based internet solution,292,5,+00-00
951,Vagram,Innovative zero tolerance data-warehouse,618,5,+00-00
958,Matsoft,Reverse-engineered secondary implementation,53,5,+00-00
986,Latlux,Virtual demand-driven customer loyalty,70,5,+00-00
992,Span,Public-key zero tolerance interface,36,5,+00-00
48,Vagram,Public-key composite Graphical User Interface,782,6,+01-00
129,Stronghold,Polarised fault-tolerant product,75,6,+01-00
133,Wrapsafe,Ameliorated coherent support,634,6,+01-00
151,Solarbreeze,Decentralized cohesive internet solution,23,6,+01-00
152,Latlux,Grass-roots mobile product,815,6,+01-00
173,Konklux,Devolved real-time function,694,6,+01-00
178,Duobam,Fundamental empowering success,11,6,+01-00
192,Stringtough,Total 3rd generation functionalities,81,6,+01-00
194,Fixflex,Progressive tertiary data-warehouse,95,6,+01-00
212,Stronghold,Future-proofed logistical initiative,43,6,+01-00
245,Alpha,Reverse-engineered disintermediate installation,64,6,+01-00
276,Hatity,Intuitive modular initiative,37,6,+01-00
280,Toughjoyfax,Networked context-sensitive knowledge base,54,6,+01-00
333,Fix San,Multi-layered empowering database,696,6,+01-00
347,Sonair,Customizable 4th generation projection,13,6,+01-00
349,Domainer,Realigned bifurcated monitoring,524,6,+01-00
375,Alphazap,Reactive coherent Graphical User Interface,304,6,+01-00
416,Tempsoft,Intuitive attitude-oriented functionalities,84,6,+01-00
419,Fix San,Reduced optimizing database,46,6,+01-00
427,Holdlamis,Reverse-engineered clear-thinking collaboration,649,6,+01-00
436,Hatity,Face to face homogeneous knowledge user,30,6,+01-00
469,Wrapsafe,Ergonomic motivating support,540,6,+01-00
477,Duobam,Mandatory didactic solution,291,6,+01-00
480,Stronghold,Open-architected multimedia internet solution,87,6,+01-00
484,Tampflex,Automated multimedia strategy,784,6,+01-00
486,Opela,Upgradable foreground internet solution,70,6,+01-00
491,Subin,Implemented secondary toolset,37,6,+01-00
552,Tampflex,Assimilated homogeneous firmware,73,6,+01-00
561,Sonair,Up-sized uniform knowledge base,236,6,+01-00
565,Konklab,Optional demand-driven moratorium,252,6,+01-00
567,Zathin,Assimilated leading edge function,28,6,+01-00
581,Solarbreeze,Versatile optimal benchmark,31,6,+01-00
584,Zoolab,Organic coherent leverage,386,6,+01-00
589,Fix San,Assimilated maximized info-mediaries,840,6,+01-00
590,Tresom,Digitized regional definition,152,6,+01-00
604,Duobam,Exclusive object-oriented definition,76,6,+01-00
622,Transcof,Upgradable national workforce,959,6,+01-00
701,Voyatouch,Enhanced content-based task-force,615,6,+01-00
714,Sonair,Streamlined mission-critical ability,92,6,+01-00
720,Zontrax,Expanded homogeneous encoding,353,6,+01-00
728,Rank,Centralized executive frame,72,6,+01-00
750,Treeflex,Configurable asynchronous groupware,36,6,+01-00
760,Home Ing,Multi-layered contextually-based help-desk,303,6,+01-00
764,Flowdesk,Total user-facing time-frame,25,6,+01-00
776,Hatity,Organized bi-directional analyzer,73,6,+01-00
797,Bytecard,Multi-channelled explicit encoding,909,6,+01-00
824,Lotlux,De-engineered eco-centric hierarchy,54,6,+01-00
849,Opela,Automated zero defect task-force,479,6,+01-00
863,Toughjoyfax,Object-based secondary service-desk,883,6,+01-00
868,Lotstring,Synergized static policy,425,6,+01-00
871,Regrant,Reactive contextually-based focus group,91,6,+01-00
872,Overhold,Team-oriented cohesive knowledge user,447,6,+01-00
874,Quo Lux,Sharable radical database,22,6,+01-00
888,Prodder,Universal foreground instruction set,542,6,+01-00
896,Zamit,Upgradable logistical process improvement,71,6,+01-00
898,Mat Lam Tam,Automated zero tolerance capacity,377,6,+01-00
922,Voyatouch,User-centric object-oriented service-desk,78,6,+01-00
959,Temp,Cross-platform bi-directional local area network,88,6,+01-00
969,Viva,Diverse analyzing protocol,849,6,+01-00
974,Latlux,Up-sized real-time open architecture,169,6,+01-00
52,Domainer,Object-based heuristic instruction set,50,7,+01-00
54,Domainer,Monitored exuding standardization,374,7,+01-00
81,Tresom,De-engineered holistic open architecture,341,7,+01-00
104,Zoolab,Assimilated optimal encoding,61,7,+01-00
175,Lotstring,Cross-group foreground structure,58,7,+01-00
193,Cardguard,Digitized zero administration data-warehouse,47,7,+01-00
257,Matsoft,Customer-focused composite groupware,206,7,+01-00
259,Tampflex,Operative 24/7 contingency,75,7,+01-00
272,Veribet,Multi-channelled solution-oriented knowledge base,754,7,+01-00
286,Keylex,Triple-buffered background hierarchy,864,7,+01-00
311,Opela,Adaptive responsive info-mediaries,40,7,+01-00
369,Job,Ameliorated neutral intranet,53,7,+01-00
393,Voyatouch,Optional secondary database,968,7,+01-00
397,Mat Lam Tam,Persistent tangible time-frame,83,7,+01-00
438,Fixflex,Enterprise-wide hybrid customer loyalty,342,7,+01-00
450,Biodex,Quality-focused national access,68,7,+01-00
474,Bytecard,Proactive eco-centric Graphical User Interface,42,7,+01-00
511,Y-find,Team-oriented encompassing functionalities,59,7,+01-00
513,Sonsing,Expanded grid-enabled array,771,7,+01-00
524,Bigtax,Exclusive human-resource local area network,39,7,+01-00
588,It,Object-based scalable moderator,528,7,+01-00
600,Domainer,Programmable systematic frame,38,7,+01-00
608,Bigtax,Adaptive multi-state archive,42,7,+01-00
627,Wrapsafe,Inverse discrete local area network,70,7,+01-00
634,Job,Robust impactful middleware,937,7,+01-00
659,Job,Phased empowering encryption,59,7,+01-00
731,Stim,Horizontal motivating instruction set,705,7,+01-00
751,Treeflex,Face to face methodical customer loyalty,45,7,+01-00
771,Zathin,Optional national policy,19,7,+01-00
778,Y-Solowarm,User-friendly background adapter,14,7,+01-00
779,Zathin,Assimilated demand-driven neural-net,986,7,+01-00
791,Sub-Ex,Total 24 hour standardization,652,7,+01-00
799,Duobam,Future-proofed high-level model,209,7,+01-00
801,Latlux,Integrated coherent interface,10,7,+01-00
817,Pannier,Open-source even-keeled support,96,7,+01-00
826,Tres-Zap,Inverse actuating challenge,30,7,+01-00
834,Namfix,Enterprise-wide intangible database,41,7,+01-00
841,Tresom,Synergistic background intranet,28,7,+01-00
859,Kanlam,Synergized contextually-based internet solution,95,7,+01-00
862,Andalax,Customer-focused methodical policy,467,7,+01-00
897,Voltsillam,Synchronised executive implementation,25,7,+01-00
911,Rank,Upgradable tertiary ability,88,7,+01-00
983,Cookley,Proactive web-enabled service-desk,53,7,+01-00
2,Gembucket,Advanced eco-centric approach,923,8,+01-06
23,Latlux,Front-line optimal complexity,89,8,+01-06
29,Bytecard,Cross-platform multimedia policy,20,8,+01-06
94,Tampflex,Fully-configurable disintermediate circuit,51,8,+01-06
131,Overhold,Realigned reciprocal groupware,762,8,+01-06
150,Daltfresh,Synergistic executive project,83,8,+01-06
181,Trippledex,Re-engineered zero tolerance success,563,8,+01-06
228,Bamity,Virtual demand-driven superstructure,789,8,+01-06
242,Greenlam,Progressive foreground access,775,8,+01-06
302,Sonsing,Public-key mobile emulation,33,8,+01-06
321,Konklux,Digitized responsive focus group,51,8,+01-06
404,Bigtax,Vision-oriented encompassing concept,371,8,+01-06
408,Tresom,Progressive context-sensitive initiative,472,8,+01-06
414,Trippledex,Intuitive full-range customer loyalty,28,8,+01-06
415,Holdlamis,Down-sized well-modulated synergy,784,8,+01-06
422,Gembucket,Cross-group impactful open system,45,8,+01-06
447,Zathin,Devolved client-server hierarchy,91,8,+01-06
449,Tresom,Function-based uniform Graphical User Interface,545,8,+01-06
460,Sonsing,Open-architected multi-state initiative,616,8,+01-06
520,Zoolab,Centralized fresh-thinking adapter,15,8,+01-06
523,Tampflex,User-centric dedicated website,86,8,+01-06
534,Stim,Ameliorated 24/7 website,39,8,+01-06
548,Bamity,Optimized uniform process improvement,27,8,+01-06
559,Quo Lux,Grass-roots tangible forecast,370,8,+01-06
573,Zathin,Synchronised bandwidth-monitored protocol,64,8,+01-06
582,Otcom,Ergonomic uniform core,442,8,+01-06
602,Gembucket,Digitized systematic software,94,8,+01-06
638,Biodex,Triple-buffered mission-critical support,870,8,+01-06
650,Quo Lux,Managed secondary middleware,98,8,+01-06
693,Tampflex,Multi-channelled composite success,18,8,+01-06
705,Tin,Proactive systematic superstructure,542,8,+01-06
706,Tresom,Operative radical hierarchy,131,8,+01-06
718,Fix San,Intuitive uniform attitude,96,8,+01-06
729,Voltsillam,Optional upward-trending workforce,504,8,+01-06
732,Zathin,Focused contextually-based focus group,87,8,+01-06
737,Vagram,Profound dedicated model,44,8,+01-06
864,Vagram,Enhanced empowering infrastructure,455,8,+01-06
930,Vagram,Intuitive secondary project,68,8,+01-06
971,Voyatouch,Exclusive mission-critical emulation,751,8,+01-06
997,Stim,Managed tangible frame,204,8,+01-06
7,Kanlam,Multi-lateral mission-critical capability,841,9,+15-00
31,Tresom,Up-sized object-oriented hierarchy,39,9,+15-00
33,Cookley,Innovative 24 hour firmware,36,9,+15-00
35,Cardguard,Multi-layered exuding software,24,9,+15-00
125,Trippledex,Open-source hybrid interface,168,9,+15-00
160,Lotlux,Networked clear-thinking flexibility,20,9,+15-00
205,Trippledex,Configurable demand-driven analyzer,50,9,+15-00
218,Tresom,Configurable upward-trending synergy,528,9,+15-00
237,Sub-Ex,Optional leading edge benchmark,46,9,+15-00
254,Stringtough,Programmable multimedia service-desk,453,9,+15-00
264,Y-Solowarm,Distributed systematic support,907,9,+15-00
273,Cardguard,Intuitive secondary circuit,36,9,+15-00
294,Biodex,De-engineered multi-state task-force,936,9,+15-00
313,Solarbreeze,Synchronised secondary open architecture,909,9,+15-00
328,Tresom,Multi-lateral value-added access,41,9,+15-00
383,It,Persistent systemic matrix,138,9,+15-00
399,Sonair,Optional eco-centric conglomeration,453,9,+15-00
428,Span,Enhanced tertiary projection,88,9,+15-00
442,Prodder,Fully-configurable regional ability,20,9,+15-00
452,Flexidy,Upgradable systematic time-frame,45,9,+15-00
456,Greenlam,Polarised value-added matrices,90,9,+15-00
518,Voltsillam,Assimilated modular adapter,99,9,+15-00
519,Voyatouch,Horizontal reciprocal parallelism,233,9,+15-00
537,Quo Lux,Realigned foreground access,85,9,+15-00
560,Lotstring,Open-architected global pricing structure,443,9,+15-00
611,Stim,Open-source tertiary pricing structure,82,9,+15-00
631,Temp,Triple-buffered intermediate groupware,56,9,+15-00
640,Sonair,Operative bandwidth-monitored paradigm,43,9,+15-00
665,Gembucket,Open-source heuristic website,374,9,+15-00
683,Toughjoyfax,Customer-focused didactic solution,82,9,+15-00
690,Prodder,Visionary client-server database,73,9,+15-00
708,Aerified,Right-sized mission-critical parallelism,82,9,+15-00
715,Treeflex,Exclusive static utilisation,75,9,+15-00
741,Konklab,Progressive zero administration structure,924,9,+15-00
773,Vagram,Up-sized well-modulated customer loyalty,47,9,+15-00
781,Mat Lam Tam,Sharable national matrices,40,9,+15-00
784,Trippledex,Up-sized contextually-based workforce,315,9,+15-00
787,Job,Persevering zero tolerance process improvement,870,9,+15-00
802,Treeflex,Vision-oriented background product,44,9,+15-00
814,Tempsoft,Optimized mission-critical algorithm,90,9,+15-00
833,Bytecard,Pre-emptive didactic project,10,9,+15-00
839,Ronstring,Expanded demand-driven migration,476,9,+15-00
857,Konklux,Virtual eco-centric array,213,9,+15-00
860,Bitchip,Balanced executive adapter,848,9,+15-00
906,Biodex,Switchable 6th generation parallelism,535,9,+15-00
931,Bitwolf,Monitored national matrix,191,9,+15-00
949,Daltfresh,Enterprise-wide uniform task-force,143,9,+15-00
966,Treeflex,Fundamental background methodology,42,9,+15-00
10,Cardguard,Optional coherent initiative,808,10,+00-03
40,Duobam,Advanced value-added knowledge base,957,10,+00-03
47,It,Up-sized optimal framework,655,10,+00-03
53,Daltfresh,Re-contextualized maximized core,456,10,+00-03
66,Alphazap,Expanded radical strategy,33,10,+00-03
70,Domainer,Business-focused static process improvement,673,10,+00-03
76,Regrant,Managed bifurcated function,229,10,+00-03
93,Keylex,Intuitive multimedia structure,96,10,+00-03
113,Zaam-Dox,Right-sized multimedia functionalities,80,10,+00-03
146,Zoolab,Horizontal systemic definition,28,10,+00-03
209,Domainer,Sharable maximized Graphical User Interface,85,10,+00-03
225,Bigtax,Down-sized coherent focus group,58,10,+00-03
249,Matsoft,Future-proofed interactive knowledge user,53,10,+00-03
282,Zamit,Monitored static customer loyalty,34,10,+00-03
300,Fixflex,Virtual multi-state application,92,10,+00-03
338,Rank,Sharable 4th generation data-warehouse,78,10,+00-03
351,Andalax,Customer-focused impactful ability,65,10,+00-03
360,Sonair,Down-sized discrete approach,77,10,+00-03
388,Solarbreeze,Triple-buffered dedicated help-desk,66,10,+00-03
402,Mat Lam Tam,Phased optimizing knowledge user,37,10,+00-03
461,Sonsing,Reverse-engineered methodical middleware,920,10,+00-03
467,Tresom,Self-enabling systemic emulation,42,10,+00-03
506,Biodex,Virtual high-level knowledge base,888,10,+00-03
508,Transcof,Optional fresh-thinking synergy,61,10,+00-03
515,Konklab,Synchronised radical matrices,90,10,+00-03
525,Quo Lux,Enhanced encompassing product,451,10,+00-03
658,Overhold,Advanced static firmware,833,10,+00-03
667,Tres-Zap,Grass-roots hybrid product,71,10,+00-03
675,Fix San,Robust multimedia firmware,673,10,+00-03
692,Sonair,Multi-tiered systemic hub,85,10,+00-03
699,Keylex,Multi-layered reciprocal interface,97,10,+00-03
716,Regrant,Networked mobile encryption,406,10,+00-03
730,Subin,Automated foreground migration,309,10,+00-03
828,Domainer,Grass-roots optimal analyzer,42,10,+00-03
851,Holdlamis,Open-architected transitional hardware,391,10,+00-03
854,Otcom,Enterprise-wide transitional throughput,665,10,+00-03
873,Flowdesk,Compatible contextually-based ability,612,10,+00-03
882,Tresom,Automated web-enabled toolset,95,10,+00-03
936,Gembucket,Re-engineered reciprocal model,87,10,+00-03
939,Toughjoyfax,Enterprise-wide next generation matrix,83,10,+00-03
980,Bitchip,Customizable uniform access,200,10,+00-03
993,Span,Extended foreground Graphic Interface,78,10,+00-03
996,Matsoft,Digitized neutral Graphical User Interface,74,10,+00-03
998,Sonsing,Secured background encryption,163,10,+00-03
3,Veribet,Function-based value-added focus group,45,11,+20-00
26,Subin,Visionary zero administration strategy,20,11,+20-00
46,Veribet,Down-sized human-resource matrices,48,11,+20-00
60,Alpha,Versatile optimal website,87,11,+20-00
67,Voltsillam,Streamlined empowering implementation,897,11,+20-00
69,Solarbreeze,Monitored 6th generation initiative,28,11,+20-00
139,Solarbreeze,Organized solution-oriented initiative,783,11,+20-00
229,Tampflex,Up-sized executive focus group,65,11,+20-00
236,Fintone,Organic grid-enabled strategy,15,11,+20-00
239,Otcom,Automated exuding time-frame,287,11,+20-00
357,Zontrax,Digitized human-resource open architecture,18,11,+20-00
364,Namfix,Streamlined stable internet solution,21,11,+20-00
377,Stim,Phased hybrid matrices,30,11,+20-00
391,Greenlam,Team-oriented national framework,784,11,+20-00
396,Zamit,Operative stable firmware,295,11,+20-00
403,It,Versatile homogeneous analyzer,835,11,+20-00
426,Job,Team-oriented 24/7 orchestration,48,11,+20-00
437,Tresom,Cloned non-volatile benchmark,133,11,+20-00
440,Job,Phased regional function,688,11,+20-00
445,Fixflex,Ameliorated web-enabled migration,773,11,+20-00
470,Y-Solowarm,Down-sized attitude-oriented infrastructure,86,11,+20-00
492,Temp,Object-based 3rd generation project,868,11,+20-00
512,Regrant,Open-architected web-enabled framework,336,11,+20-00
514,Konklux,Versatile methodical framework,76,11,+20-00
542,Flowdesk,Reverse-engineered directional process improvement,852,11,+20-00
545,Y-Solowarm,Upgradable non-volatile support,18,11,+20-00
569,Solarbreeze,Balanced next generation product,98,11,+20-00
647,Wrapsafe,Object-based asynchronous monitoring,74,11,+20-00
747,Cardify,Persevering hybrid database,83,11,+20-00
749,Home Ing,Function-based coherent software,35,11,+20-00
768,Sub-Ex,Enterprise-wide zero defect initiative,727,11,+20-00
775,Tin,Secured tangible moratorium,85,11,+20-00
810,Regrant,Focused system-worthy emulation,114,11,+20-00
842,Holdlamis,Horizontal impactful paradigm,41,11,+20-00
852,Ventosanzap,Multi-channelled contextually-based solution,181,11,+20-00
855,Stringtough,Profound radical capability,804,11,+20-00
903,Aerified,Quality-focused foreground algorithm,513,11,+20-00
937,Zamit,Expanded heuristic throughput,46,11,+20-00
976,Matsoft,Multi-tiered impactful support,13,11,+20-00
981,Stim,Persistent optimizing analyzer,58,11,+20-00
5,Treeflex,Cross-platform mission-critical interface,504,12,+00-09
50,Mat Lam Tam,Expanded system-worthy groupware,92,12,+00-09
149,Tin,Front-line 3rd generation adapter,57,12,+00-09
165,Bitchip,De-engineered solution-oriented complexity,91,12,+00-09
167,Konklab,Ergonomic well-modulated productivity,78,12,+00-09
182,Tres-Zap,Managed solution-oriented analyzer,166,12,+00-09
195,Latlux,Enterprise-wide holistic application,302,12,+00-09
197,Aerified,Automated optimizing approach,214,12,+00-09
243,Cookley,Fully-configurable composite concept,92,12,+00-09
284,Y-Solowarm,Customizable regional circuit,365,12,+00-09
309,Zathin,Horizontal real-time capability,66,12,+00-09
329,Ronstring,Phased uniform artificial intelligence,49,12,+00-09
340,Trippledex,Phased homogeneous middleware,377,12,+00-09
345,Aerified,Optimized intermediate productivity,959,12,+00-09
358,Trippledex,Sharable methodical success,64,12,+00-09
372,Daltfresh,Profound contextually-based analyzer,17,12,+00-09
374,Tampflex,Fully-configurable multi-tasking customer loyalty,574,12,+00-09
409,Voltsillam,Stand-alone homogeneous superstructure,17,12,+00-09
413,Bitchip,Distributed discrete complexity,60,12,+00-09
457,Sonair,Devolved well-modulated core,38,12,+00-09
488,Domainer,Digitized global firmware,44,12,+00-09
543,Prodder,Triple-buffered disintermediate matrix,32,12,+00-09
563,Zathin,Cloned grid-enabled infrastructure,220,12,+00-09
579,Tempsoft,Customizable intermediate migration,86,12,+00-09
586,Viva,Universal radical strategy,22,12,+00-09
594,Tampflex,User-centric asymmetric encryption,78,12,+00-09
623,Biodex,Synergized hybrid portal,838,12,+00-09
629,Vagram,Managed radical software,576,12,+00-09
632,Zoolab,Balanced high-level budgetary management,730,12,+00-09
637,Bytecard,Reactive empowering circuit,21,12,+00-09
666,Lotlux,User-centric full-range model,35,12,+00-09
673,Bitchip,Enterprise-wide asynchronous firmware,254,12,+00-09
719,Tresom,Face to face object-oriented productivity,470,12,+00-09
721,Cardguard,Public-key explicit analyzer,85,12,+00-09
739,Zaam-Dox,Self-enabling transitional concept,48,12,+00-09
759,Temp,Distributed value-added paradigm,21,12,+00-09
761,Bigtax,Phased bottom-line hardware,26,12,+00-09
803,Hatity,Self-enabling maximized collaboration,42,12,+00-09
806,Namfix,Mandatory regional collaboration,37,12,+00-09
820,It,Automated national installation,20,12,+00-09
850,Tres-Zap,Realigned intermediate superstructure,92,12,+00-09
878,Duobam,Front-line non-volatile migration,130,12,+00-09
886,Toughjoyfax,Managed stable success,21,12,+00-09
887,Flexidy,Inverse disintermediate interface,521,12,+00-09
921,Tin,Centralized homogeneous function,45,12,+00-09
55,Wrapsafe,Inverse 3rd generation success,34,13,+03-00
79,Tres-Zap,Multi-tiered mission-critical instruction set,109,13,+03-00
89,Stringtough,Streamlined fresh-thinking strategy,66,13,+03-00
119,Zontrax,Pre-emptive optimal pricing structure,255,13,+03-00
127,Fintone,Configurable high-level implementation,97,13,+03-00
128,Greenlam,Reactive radical throughput,92,13,+03-00
136,Domainer,Optimized well-modulated encryption,43,13,+03-00
147,Biodex,Enhanced attitude-oriented forecast,443,13,+03-00
155,Cardguard,Configurable executive secured line,74,13,+03-00
185,Regrant,Enterprise-wide hybrid artificial intelligence,24,13,+03-00
230,Bytecard,Multi-layered fault-tolerant paradigm,59,13,+03-00
247,Namfix,Inverse high-level infrastructure,893,13,+03-00
263,Konklux,Devolved 3rd generation task-force,697,13,+03-00
268,Aerified,Synergistic user-facing benchmark,16,13,+03-00
303,Treeflex,Programmable incremental capability,709,13,+03-00
306,Bytecard,Realigned zero administration productivity,40,13,+03-00
308,Bitwolf,Cloned discrete orchestration,663,13,+03-00
322,Ronstring,Progressive needs-based migration,291,13,+03-00
326,Bytecard,Function-based scalable open system,251,13,+03-00
327,Zontrax,Operative optimal archive,704,13,+03-00
366,Tres-Zap,Up-sized upward-trending customer loyalty,670,13,+03-00
400,Zoolab,Extended mobile interface,457,13,+03-00
401,Rank,Networked methodical time-frame,642,13,+03-00
405,Bamity,Networked discrete encryption,54,13,+03-00
411,Sub-Ex,Stand-alone asynchronous array,522,13,+03-00
478,Konklab,Pre-emptive static secured line,863,13,+03-00
532,Transcof,Optional didactic budgetary management,537,13,+03-00
533,Span,Adaptive client-driven encoding,30,13,+03-00
596,Tres-Zap,Re-engineered national knowledge user,22,13,+03-00
603,Tres-Zap,Proactive tertiary strategy,141,13,+03-00
616,Trippledex,Triple-buffered demand-driven hub,11,13,+03-00
628,Tampflex,Universal global encoding,68,13,+03-00
633,Veribet,Enhanced optimizing concept,960,13,+03-00
639,Span,Optional zero defect protocol,962,13,+03-00
642,Fix San,Pre-emptive homogeneous open system,52,13,+03-00
670,Temp,Streamlined systematic structure,17,13,+03-00
698,Namfix,Ergonomic actuating groupware,339,13,+03-00
733,Hatity,Centralized attitude-oriented process improvement,78,13,+03-00
744,Sonsing,Virtual 24/7 product,20,13,+03-00
756,Lotstring,Team-oriented grid-enabled instruction set,225,13,+03-00
777,Wrapsafe,Profit-focused content-based knowledge user,37,13,+03-00
890,Lotstring,User-friendly grid-enabled collaboration,54,13,+03-00
942,Asoka,Adaptive exuding framework,74,13,+03-00
17,Daltfresh,Monitored systematic interface,46,14,+01-00
34,Span,Organized 4th generation moratorium,48,14,+01-00
65,Mat Lam Tam,Open-source bifurcated knowledge user,85,14,+01-00
80,Zathin,Phased hybrid definition,75,14,+01-00
102,Cardguard,Exclusive optimal framework,38,14,+01-00
115,Domainer,Cross-group actuating strategy,221,14,+01-00
122,Sonsing,Decentralized modular approach,695,14,+01-00
156,Konklux,Operative real-time data-warehouse,63,14,+01-00
174,Cardify,Object-based multi-state extranet,44,14,+01-00
183,Otcom,Public-key tertiary matrices,31,14,+01-00
188,Ronstring,Open-architected 3rd generation implementation,81,14,+01-00
189,Alpha,Synergized mobile interface,816,14,+01-00
215,Domainer,Profound tertiary complexity,691,14,+01-00
223,Prodder,Multi-channelled scalable hub,25,14,+01-00
267,Trippledex,User-centric cohesive capability,947,14,+01-00
271,Kanlam,Self-enabling dynamic framework,66,14,+01-00
274,Bitwolf,Cross-group responsive approach,247,14,+01-00
279,Flexidy,Centralized attitude-oriented process improvement,65,14,+01-00
293,Subin,Intuitive regional paradigm,421,14,+01-00
297,Keylex,Persevering content-based access,81,14,+01-00
305,Veribet,Upgradable scalable projection,953,14,+01-00
335,Bytecard,Decentralized even-keeled artificial intelligence,894,14,+01-00
348,Solarbreeze,Progressive reciprocal definition,53,14,+01-00
406,Voyatouch,Phased asynchronous challenge,50,14,+01-00
433,Gembucket,Total didactic open system,93,14,+01-00
435,Tres-Zap,Right-sized regional artificial intelligence,340,14,+01-00
496,Wrapsafe,Universal local middleware,152,14,+01-00
503,Temp,Inverse exuding complexity,92,14,+01-00
540,Bigtax,Devolved uniform algorithm,92,14,+01-00
556,Alpha,Self-enabling bifurcated extranet,67,14,+01-00
607,Aerified,Switchable tangible interface,214,14,+01-00
648,Asoka,Virtual exuding analyzer,515,14,+01-00
655,Namfix,Seamless directional superstructure,60,14,+01-00
660,Regrant,Diverse foreground archive,70,14,+01-00
661,Sonsing,Advanced attitude-oriented methodology,48,14,+01-00
671,Viva,Proactive maximized system engine,779,14,+01-00
687,Sonsing,Advanced scalable policy,466,14,+01-00
703,Sonsing,Decentralized clear-thinking open architecture,701,14,+01-00
717,Voltsillam,Multi-tiered secondary utilisation,74,14,+01-00
722,Cookley,Horizontal tertiary database,39,14,+01-00
736,Home Ing,Enterprise-wide background challenge,42,14,+01-00
742,Veribet,Business-focused object-oriented methodology,94,14,+01-00
753,Overhold,Enterprise-wide maximized artificial intelligence,17,14,+01-00
782,Alpha,Function-based uniform capability,118,14,+01-00
793,Holdlamis,Multi-channelled maximized pricing structure,62,14,+01-00
795,Konklab,Reverse-engineered demand-driven adapter,30,14,+01-00
805,Aerified,Visionary radical encoding,19,14,+01-00
844,Stronghold,Triple-buffered intermediate definition,13,14,+01-00
884,Bitwolf,Organized value-added ability,89,14,+01-00
912,Overhold,Quality-focused logistical project,84,14,+01-00
917,Veribet,Optional neutral help-desk,900,14,+01-00
935,Hatity,Horizontal secondary ability,16,14,+01-00
943,Job,Decentralized hybrid function,553,14,+01-00
946,Tresom,Business-focused stable utilisation,96,14,+01-00
953,Tin,Enhanced analyzing process improvement,687,14,+01-00
962,Fixflex,Distributed optimal access,321,14,+01-00
964,Alpha,Virtual object-oriented projection,61,14,+01-00
995,Otcom,Quality-focused grid-enabled firmware,122,14,+01-00
1,Konklux,Configurable interactive hub,987,15,+01-00
57,Temp,Intuitive secondary hierarchy,806,15,+01-00
64,Flexidy,User-centric user-facing data-warehouse,337,15,+01-00
83,Y-find,Quality-focused disintermediate implementation,88,15,+01-00
84,Alphazap,Robust web-enabled knowledge base,792,15,+01-00
98,Tres-Zap,Reduced holistic matrices,246,15,+01-00
107,Namfix,Persevering hybrid structure,21,15,+01-00
112,Alpha,Seamless explicit software,548,15,+01-00
114,Holdlamis,Multi-channelled well-modulated info-mediaries,387,15,+01-00
118,Cardify,Devolved motivating emulation,588,15,+01-00
140,Tin,Mandatory well-modulated paradigm,95,15,+01-00
161,Matsoft,Upgradable coherent middleware,14,15,+01-00
163,Namfix,Intuitive holistic initiative,17,15,+01-00
176,Treeflex,Adaptive client-server benchmark,675,15,+01-00
196,Fix San,Monitored optimizing installation,43,15,+01-00
211,Treeflex,Adaptive system-worthy adapter,200,15,+01-00
214,Zamit,User-centric maximized artificial intelligence,50,15,+01-00
217,Sonsing,Organized grid-enabled concept,76,15,+01-00
227,Voltsillam,Integrated transitional open system,91,15,+01-00
252,Vagram,Mandatory zero defect product,18,15,+01-00
253,Bitwolf,Reduced didactic parallelism,472,15,+01-00
260,Toughjoyfax,Inverse stable conglomeration,135,15,+01-00
275,Redhold,Face to face content-based portal,467,15,+01-00
277,Aerified,Multi-tiered holistic functionalities,545,15,+01-00
287,Holdlamis,Re-engineered analyzing software,36,15,+01-00
298,Toughjoyfax,Realigned systemic architecture,798,15,+01-00
304,Flowdesk,Proactive contextually-based collaboration,673,15,+01-00
314,Ventosanzap,Focused stable middleware,93,15,+01-00
316,Transcof,Monitored impactful customer loyalty,81,15,+01-00
323,It,Multi-layered tertiary initiative,31,15,+01-00
324,Pannier,Implemented zero defect product,83,15,+01-00
342,Toughjoyfax,Open-architected 5th generation service-desk,825,15,+01-00
385,Hatity,Cross-platform discrete projection,257,15,+01-00
392,Opela,Reverse-engineered even-keeled initiative,97,15,+01-00
395,Stim,Pre-emptive explicit complexity,95,15,+01-00
410,Mat Lam Tam,Advanced contextually-based protocol,11,15,+01-00
425,Bigtax,Business-focused value-added complexity,186,15,+01-00
494,Bitwolf,Enterprise-wide responsive initiative,73,15,+01-00
501,Hatity,Sharable radical definition,769,15,+01-00
605,Zaam-Dox,Networked stable infrastructure,950,15,+01-00
614,Flowdesk,Centralized national support,952,15,+01-00
615,Rank,Sharable secondary software,933,15,+01-00
617,Zontrax,Robust client-driven support,32,15,+01-00
626,Domainer,Customizable local extranet,88,15,+01-00
644,Andalax,Enhanced 6th generation analyzer,17,15,+01-00
645,Opela,Operative optimizing definition,97,15,+01-00
656,Alpha,Versatile heuristic support,27,15,+01-00
664,Alphazap,Innovative logistical website,10,15,+01-00
679,Kanlam,Multi-layered well-modulated forecast,93,15,+01-00
691,Namfix,Fundamental systemic projection,77,15,+01-00
702,Alpha,Persevering client-driven customer loyalty,68,15,+01-00
735,Span,Seamless optimizing conglomeration,19,15,+01-00
740,Flexidy,Total encompassing superstructure,48,15,+01-00
807,Home Ing,Cross-platform dynamic capacity,494,15,+01-00
823,Bigtax,Automated static solution,26,15,+01-00
866,Tres-Zap,Versatile optimal productivity,44,15,+01-00
889,Y-Solowarm,Phased 24 hour monitoring,392,15,+01-00
891,Transcof,Assimilated methodical task-force,690,15,+01-00
909,Y-find,Down-sized impactful hierarchy,430,15,+01-00
948,Prodder,Optional full-range focus group,723,15,+01-00
991,Temp,Switchable context-sensitive hierarchy,56,15,+01-00
994,Tampflex,Stand-alone upward-trending emulation,33,15,+01-00
15,Home Ing,Phased zero defect adapter,876,16,+00-09
16,Regrant,Cross-platform hybrid neural-net,30,16,+00-09
18,Andalax,Public-key bandwidth-monitored knowledge base,94,16,+00-09
32,Redhold,Programmable radical matrices,626,16,+00-09
43,Holdlamis,Digitized next generation budgetary management,59,16,+00-09
49,Stringtough,Upgradable responsive database,439,16,+00-09
73,Lotstring,Focused 5th generation focus group,272,16,+00-09
101,Fintone,Phased 24/7 framework,891,16,+00-09
103,Quo Lux,Optional optimizing alliance,56,16,+00-09
164,Span,Team-oriented modular standardization,62,16,+00-09
168,Toughjoyfax,Configurable impactful product,602,16,+00-09
184,Alpha,Monitored eco-centric time-frame,195,16,+00-09
206,Tin,Reactive hybrid infrastructure,67,16,+00-09
226,Vagram,Exclusive needs-based architecture,61,16,+00-09
238,Mat Lam Tam,Distributed tangible capacity,242,16,+00-09
250,Duobam,Centralized bottom-line neural-net,45,16,+00-09
270,Treeflex,Profound local concept,500,16,+00-09
292,Cardify,Reverse-engineered intermediate ability,498,16,+00-09
332,Ventosanzap,Focused fresh-thinking ability,46,16,+00-09
352,Voyatouch,Diverse next generation encryption,52,16,+00-09
361,Daltfresh,Function-based optimizing website,94,16,+00-09
368,Zamit,Optional intangible matrices,71,16,+00-09
378,Fixflex,Cross-group impactful extranet,75,16,+00-09
439,Home Ing,Object-based mobile encryption,121,16,+00-09
444,Daltfresh,Universal upward-trending customer loyalty,59,16,+00-09
455,Namfix,Ameliorated static framework,67,16,+00-09
462,Biodex,Realigned maximized support,83,16,+00-09
463,Sub-Ex,Re-engineered explicit encoding,22,16,+00-09
481,Hatity,Advanced systematic utilisation,85,16,+00-09
500,Trippledex,Fully-configurable clear-thinking initiative,546,16,+00-09
507,Sonair,Implemented uniform firmware,36,16,+00-09
517,Matsoft,Grass-roots optimal hub,19,16,+00-09
522,Konklab,Synergistic next generation database,397,16,+00-09
553,Hatity,Decentralized web-enabled analyzer,375,16,+00-09
568,Alphazap,Streamlined real-time project,15,16,+00-09
576,Veribet,Ameliorated tangible local area network,698,16,+00-09
585,Hatity,Open-architected optimizing info-mediaries,373,16,+00-09
591,Stringtough,Triple-buffered responsive contingency,351,16,+00-09
597,Fixflex,Re-contextualized incremental process improvement,61,16,+00-09
598,Lotlux,Upgradable dedicated website,40,16,+00-09
609,Ventosanzap,Inverse dedicated forecast,148,16,+00-09
624,Stronghold,Automated homogeneous matrices,211,16,+00-09
641,Asoka,Devolved didactic success,40,16,+00-09
649,Stringtough,Stand-alone 24 hour superstructure,35,16,+00-09
755,Tin,Exclusive tertiary firmware,14,16,+00-09
800,Zathin,Sharable attitude-oriented adapter,84,16,+00-09
813,Sonsing,Phased object-oriented core,41,16,+00-09
818,Overhold,Inverse even-keeled complexity,54,16,+00-09
825,Stim,Configurable foreground interface,72,16,+00-09
830,Tres-Zap,Team-oriented interactive policy,985,16,+00-09
853,Subin,Cross-platform mission-critical portal,661,16,+00-09
920,Tres-Zap,Realigned holistic analyzer,639,16,+00-09
929,Trippledex,Down-sized local encryption,17,16,+00-09
938,Bitwolf,Organic explicit circuit,61,16,+00-09
947,Vagram,Persistent next generation benchmark,86,16,+00-09
952,Tresom,Synergistic user-facing local area network,713,16,+00-09
957,Transcof,Seamless regional superstructure,23,16,+00-09
963,It,Enhanced directional instruction set,51,16,+00-09
984,Aerified,Phased 5th generation interface,62,16,+00-09
21,Andalax,Configurable multi-state functionalities,38,17,+00-01
25,Alpha,Streamlined directional strategy,217,17,+00-01
37,Alpha,Horizontal object-oriented strategy,87,17,+00-01
41,Bytecard,Robust interactive groupware,988,17,+00-01
63,Konklab,Public-key holistic firmware,90,17,+00-01
71,Flexidy,Visionary methodical throughput,428,17,+00-01
92,Wrapsafe,Expanded 4th generation secured line,998,17,+00-01
100,Redhold,Front-line tertiary migration,471,17,+00-01
105,Duobam,Total zero administration parallelism,33,17,+00-01
120,Konklux,Mandatory asynchronous productivity,86,17,+00-01
130,Treeflex,Intuitive exuding concept,380,17,+00-01
159,Zaam-Dox,Reverse-engineered mobile support,261,17,+00-01
162,Namfix,Streamlined actuating analyzer,225,17,+00-01
216,Sonair,Multi-layered mission-critical neural-net,28,17,+00-01
246,Gembucket,Profit-focused content-based installation,21,17,+00-01
251,Opela,Diverse modular definition,83,17,+00-01
285,Viva,Organized dynamic synergy,24,17,+00-01
301,Kanlam,User-friendly 3rd generation hub,556,17,+00-01
376,Bigtax,Extended responsive implementation,17,17,+00-01
386,Bitwolf,Sharable foreground portal,98,17,+00-01
389,Duobam,Grass-roots intangible product,552,17,+00-01
418,Tempsoft,Inverse dynamic core,827,17,+00-01
423,Home Ing,Organic national focus group,96,17,+00-01
424,Biodex,Reactive mission-critical structure,93,17,+00-01
458,Stim,Stand-alone system-worthy concept,403,17,+00-01
485,Cardify,Synergized zero tolerance support,76,17,+00-01
499,Veribet,Multi-layered asymmetric customer loyalty,89,17,+00-01
502,Ronstring,Total dedicated throughput,41,17,+00-01
521,Temp,Realigned bottom-line process improvement,72,17,+00-01
528,Regrant,Up-sized full-range neural-net,65,17,+00-01
546,Lotstring,Advanced 24 hour project,448,17,+00-01
554,Redhold,Digitized context-sensitive adapter,964,17,+00-01
610,Tin,Pre-emptive didactic access,21,17,+00-01
613,Latlux,Compatible modular projection,97,17,+00-01
635,Subin,Enterprise-wide impactful open system,606,17,+00-01
651,Fintone,Reverse-engineered logistical website,69,17,+00-01
672,Keylex,Cloned radical database,751,17,+00-01
752,Tin,Versatile next generation service-desk,43,17,+00-01
763,Ventosanzap,Streamlined executive pricing structure,11,17,+00-01
770,Alphazap,Adaptive object-oriented workforce,34,17,+00-01
780,Veribet,Future-proofed disintermediate utilisation,94,17,+00-01
858,Daltfresh,Centralized scalable array,166,17,+00-01
876,Ventosanzap,Pre-emptive mobile hub,52,17,+00-01
881,Trippledex,Monitored scalable complexity,921,17,+00-01
899,Bytecard,Automated regional neural-net,430,17,+00-01
900,Bigtax,Compatible exuding synergy,969,17,+00-01
960,Veribet,Assimilated value-added artificial intelligence,96,17,+00-01
967,Toughjoyfax,Universal 3rd generation circuit,880,17,+00-01
968,Y-Solowarm,Horizontal methodical forecast,564,17,+00-01
985,Cardify,Multi-layered optimizing capacity,62,17,+00-01
13,Zontrax,Object-based global challenge,79,18,+01-06
14,Stronghold,Re-engineered mission-critical functionalities,41,18,+01-06
22,Tempsoft,Organic national emulation,847,18,+01-06
42,Lotstring,Organic hybrid hub,41,18,+01-06
51,Gembucket,Quality-focused clear-thinking conglomeration,53,18,+01-06
61,Cardify,Public-key zero administration synergy,98,18,+01-06
72,Konklux,Integrated radical Graphic Interface,821,18,+01-06
96,Daltfresh,Cross-group responsive functionalities,28,18,+01-06
121,Zamit,Progressive systemic website,82,18,+01-06
157,Tampflex,Quality-focused system-worthy portal,75,18,+01-06
169,Rank,Self-enabling motivating definition,708,18,+01-06
220,Holdlamis,Ergonomic methodical functionalities,532,18,+01-06
222,Fintone,Polarised 6th generation concept,60,18,+01-06
262,Hatity,Cloned demand-driven hierarchy,84,18,+01-06
295,Quo Lux,Balanced fresh-thinking interface,349,18,+01-06
310,Overhold,Reduced 24 hour neural-net,40,18,+01-06
317,Fix San,Adaptive high-level toolset,55,18,+01-06
394,Veribet,Face to face homogeneous time-frame,42,18,+01-06
420,Home Ing,Down-sized content-based process improvement,23,18,+01-06
431,Quo Lux,Enterprise-wide composite initiative,67,18,+01-06
465,Otcom,User-friendly zero defect archive,890,18,+01-06
487,Regrant,Cloned fault-tolerant product,522,18,+01-06
489,Cardguard,User-centric clear-thinking access,676,18,+01-06
504,Lotstring,Reactive 24 hour model,612,18,+01-06
509,Bamity,Stand-alone high-level algorithm,699,18,+01-06
535,Matsoft,Synchronised contextually-based customer loyalty,84,18,+01-06
541,Treeflex,Phased regional attitude,77,18,+01-06
557,Opela,User-friendly fresh-thinking instruction set,915,18,+01-06
575,Mat Lam Tam,Balanced secondary utilisation,82,18,+01-06
577,Zathin,Compatible tangible Graphical User Interface,770,18,+01-06
595,Viva,Advanced 24/7 emulation,68,18,+01-06
618,Sub-Ex,User-centric client-server encryption,90,18,+01-06
619,Zoolab,Versatile holistic collaboration,94,18,+01-06
653,Stringtough,Up-sized motivating utilisation,50,18,+01-06
654,Namfix,Fully-configurable impactful workforce,982,18,+01-06
674,Cookley,Programmable directional collaboration,39,18,+01-06
676,Opela,Balanced transitional support,176,18,+01-06
700,Sub-Ex,Grass-roots foreground collaboration,623,18,+01-06
712,Opela,Upgradable needs-based knowledge user,83,18,+01-06
748,Keylex,Future-proofed regional application,141,18,+01-06
765,Daltfresh,Public-key executive strategy,61,18,+01-06
822,Bytecard,Advanced bi-directional migration,345,18,+01-06
836,Solarbreeze,Multi-tiered hybrid core,75,18,+01-06
870,Konklab,Diverse foreground encryption,403,18,+01-06
875,Alphazap,Re-engineered eco-centric access,682,18,+01-06
877,Quo Lux,Team-oriented interactive solution,17,18,+01-06
883,Rank,Profound client-server strategy,759,18,+01-06
894,Lotlux,Adaptive global website,62,18,+01-06
916,Pannier,Organic mobile benchmark,46,18,+01-06
919,Sonair,Re-contextualized asymmetric functionalities,18,18,+01-06
926,Tin,Virtual secondary website,951,18,+01-06
944,Voltsillam,Centralized intangible installation,217,18,+01-06
965,Flexidy,Object-based 24/7 projection,75,18,+01-06
982,Fixflex,Focused dynamic pricing structure,49,18,+01-06
987,Rank,Multi-layered disintermediate moratorium,288,18,+01-06
989,Stronghold,Polarised bottom-line contingency,13,18,+01-06
11,Voyatouch,Advanced composite ability,50,19,+00-00
38,Aerified,Networked empowering standardization,468,19,+00-00
62,Lotlux,Public-key value-added throughput,93,19,+00-00
86,Opela,Realigned logistical function,95,19,+00-00
97,Latlux,Progressive contextually-based capability,13,19,+00-00
117,Trippledex,Open-architected 24/7 emulation,564,19,+00-00
123,Tampflex,Intuitive homogeneous policy,70,19,+00-00
132,Cardify,Front-line systematic leverage,90,19,+00-00
153,Regrant,Extended zero defect leverage,66,19,+00-00
158,Namfix,Open-architected actuating definition,24,19,+00-00
172,Y-find,Ergonomic directional toolset,465,19,+00-00
190,Trippledex,Programmable explicit local area network,50,19,+00-00
210,Overhold,Open-source optimizing strategy,27,19,+00-00
248,Cardify,Assimilated value-added function,10,19,+00-00
290,Otcom,Total responsive internet solution,43,19,+00-00
291,Quo Lux,Balanced high-level process improvement,19,19,+00-00
331,Kanlam,Quality-focused well-modulated support,408,19,+00-00
336,Kanlam,Multi-channelled stable capacity,274,19,+00-00
344,Stim,Right-sized system-worthy definition,247,19,+00-00
356,Opela,De-engineered secondary extranet,27,19,+00-00
365,Bitwolf,Synergized next generation access,402,19,+00-00
434,Transcof,Sharable user-facing synergy,99,19,+00-00
451,Tempsoft,Multi-layered asynchronous flexibility,55,19,+00-00
459,Home Ing,Persevering eco-centric array,934,19,+00-00
472,Fintone,Visionary leading edge core,12,19,+00-00
490,Trippledex,Multi-layered actuating leverage,248,19,+00-00
495,Voltsillam,Focused upward-trending functionalities,987,19,+00-00
550,Voyatouch,Networked disintermediate interface,67,19,+00-00
643,Konklux,Open-architected client-driven flexibility,24,19,+00-00
646,Solarbreeze,Synergized next generation process improvement,54,19,+00-00
652,Cardify,Switchable transitional productivity,295,19,+00-00
677,Holdlamis,Pre-emptive zero defect process improvement,157,19,+00-00
709,Viva,Open-source reciprocal help-desk,61,19,+00-00
710,Solarbreeze,Mandatory stable toolset,43,19,+00-00
758,Tampflex,Monitored web-enabled flexibility,81,19,+00-00
788,Konklab,Fully-configurable cohesive open architecture,585,19,+00-00
808,Redhold,Public-key tertiary concept,910,19,+00-00
809,Gembucket,Open-architected high-level encryption,64,19,+00-00
838,Daltfresh,Horizontal demand-driven superstructure,136,19,+00-00
843,Fixflex,Integrated 24 hour initiative,779,19,+00-00
865,Lotlux,Progressive multi-state hierarchy,303,19,+00-00
908,Home Ing,Robust actuating interface,60,19,+00-00
914,Zathin,Persevering 24 hour functionalities,49,19,+00-00
932,Sonair,Public-key well-modulated collaboration,444,19,+00-00
955,Wrapsafe,Up-sized zero administration capacity,393,19,+00-00
970,Fixflex,Reverse-engineered full-range framework,31,19,+00-00
973,Bigtax,Streamlined next generation alliance,44,19,+00-00
988,Bamity,Optimized leading edge flexibility,44,19,+00-00
990,Cardguard,Synchronised attitude-oriented concept,52,19,+00-00
999,Ventosanzap,Up-sized actuating database,57,19,+00-00
8,Lotlux,Customizable intangible migration,72,20,+00-06
12,Hatity,Versatile actuating secured line,67,20,+00-06
19,Stronghold,Function-based needs-based encryption,17,20,+00-06
44,Wrapsafe,Cross-platform homogeneous groupware,868,20,+00-06
59,Otcom,Progressive bifurcated info-mediaries,46,20,+00-06
85,Transcof,Organic neutral alliance,313,20,+00-06
87,It,Versatile foreground strategy,44,20,+00-06
91,Transcof,Realigned intangible collaboration,570,20,+00-06
106,Regrant,Front-line intangible portal,199,20,+00-06
110,Span,Seamless modular local area network,42,20,+00-06
141,Bamity,Assimilated static concept,84,20,+00-06
144,Prodder,Stand-alone encompassing instruction set,247,20,+00-06
148,Keylex,Multi-lateral user-facing database,492,20,+00-06
166,Zontrax,Self-enabling optimizing neural-net,483,20,+00-06
199,Matsoft,Managed 4th generation knowledge user,699,20,+00-06
203,Viva,Reactive tertiary contingency,66,20,+00-06
213,Flexidy,Team-oriented systemic encoding,64,20,+00-06
261,Temp,Total zero administration structure,98,20,+00-06
281,Quo Lux,Face to face regional functionalities,182,20,+00-06
283,Bytecard,Versatile explicit interface,826,20,+00-06
288,Stringtough,Customizable dynamic ability,45,20,+00-06
307,Overhold,Stand-alone methodical algorithm,69,20,+00-06
320,Domainer,Synergistic systematic archive,18,20,+00-06
325,Zamit,Ergonomic solution-oriented productivity,12,20,+00-06
367,Tresom,Managed cohesive moderator,58,20,+00-06
407,Voltsillam,Networked mobile moratorium,541,20,+00-06
454,Bitwolf,Decentralized actuating ability,89,20,+00-06
482,Wrapsafe,Centralized multi-tasking infrastructure,28,20,+00-06
538,Tin,Assimilated fresh-thinking paradigm,897,20,+00-06
549,Zontrax,Secured systemic intranet,629,20,+00-06
558,Veribet,Quality-focused needs-based groupware,93,20,+00-06
630,Tres-Zap,Ergonomic bottom-line help-desk,789,20,+00-06
678,Tempsoft,Cross-group real-time budgetary management,46,20,+00-06
711,Transcof,Compatible eco-centric paradigm,43,20,+00-06
757,Stronghold,Synergistic non-volatile database,128,20,+00-06
774,Greenlam,Customer-focused uniform portal,878,20,+00-06
785,Treeflex,De-engineered holistic matrix,540,20,+00-06
790,Sonsing,Fully-configurable discrete help-desk,65,20,+00-06
837,Holdlamis,Re-engineered scalable benchmark,430,20,+00-06
848,Home Ing,Phased context-sensitive help-desk,91,20,+00-06
885,Hatity,Synchronised cohesive superstructure,32,20,+00-06
895,Job,Optimized system-worthy benchmark,58,20,+00-06
972,Biodex,Grass-roots fresh-thinking local area network,73,20,+00-06
978,Flexidy,Open-source tangible emulation,18,20,+00-06
